Business Name,Category,Rating,Reviews,Phone,Email,Website,Address,City,State,Country,Postal Code,Opening Hours,Google Maps URL,Scraped At
Srie Vaare Estates,Construction company,,,,,,"No:2/11 Kalingarayan, Manikandan 2nd St, Grace Garden, Royapuram, Chennai, Greater Chennai, Tamil Nadu 600021, India","Chennai, Greater Chennai",Tamil Nadu,IN,600021,,https://www.google.com/maps/search/?api=1&query=Srie%20Vaare%20Estates&query_place_id=ChIJ0_RkkDRvUjoRv17d8gMg9wQ,2026-07-09T14:51:39.359Z
Reva Builder,Real estate developer,,,,,,"21/51, Appasamy Garden Main Rd, Old Washermanpet, Chennai, Greater Chennai, Tamil Nadu 600021, India","Chennai, Greater Chennai",Tamil Nadu,IN,600021,,https://www.google.com/maps/search/?api=1&query=Reva%20Builder&query_place_id=ChIJLyihE2RvUjoRmx6Eaz0dykE,2026-07-09T14:51:42.311Z
Krishna Groups,Real estate agency,,,,,,"101/108, MS Koil St, Minakshi Ammanpet, Royapuram, Chennai, Greater Chennai, Tamil Nadu 600013, India","Chennai, Greater Chennai",Tamil Nadu,IN,600013,,https://www.google.com/maps/search/?api=1&query=Krishna%20Groups&query_place_id=ChIJOdXRs2lvUjoRQ3LERUcazDk,2026-07-09T14:51:43.803Z
GLOBAL ESTATE SOLUTION,Real estate agency,,,,,,"Krishnakumar,faraz residency,33/204 Sudbadral Street ,triplicane,, Chennai, Tamil Nadu 600013, India",,,,,,https://www.google.com/maps/search/?api=1&query=GLOBAL%20ESTATE%20SOLUTION&query_place_id=ChIJEbqpFztvUjoR3nyIghD-P_U,2026-07-09T14:51:44.424Z
old washermenpet,Clothing wholesale market place,4.2,25.0,+91 95001 42890,,,"old washermenpet 21., Kothandaraman St, Chennai, Tamil Nadu 600021, India","Chennai, Greater Chennai",Tamil Nadu,IN,600021,,https://www.google.com/maps/search/?api=1&query=old%20washermenpet&query_place_id=ChIJXQlxkHpvUjoRogy9ayZtWE4,2026-07-09T14:51:46.655Z
Kishore Kumar,Housing development,5.0,1.0,,,,"472G+VRF, Ranga Pillai Gdn St, Kondithope, George Town, Chennai, Greater Chennai, Tamil Nadu 600001, India","Chennai, Greater Chennai",Tamil Nadu,IN,600001,,https://www.google.com/maps/search/?api=1&query=Kishore%20Kumar&query_place_id=ChIJC--8JgBvUjoR9R1VT3wwack,2026-07-09T14:51:50.811Z
Idream Properties,Construction company,4.0,6.0,+91 91767 07008,,,"177/88, Surya Narayana St, Kalmandapam, Royapuram, Chennai, Greater Chennai, Tamil Nadu 600013, India","Chennai, Greater Chennai",Tamil Nadu,IN,600013,"Monday: 9:30 AM to 6:30 PM, Tuesday: 9:30 AM to 6:30 PM, Wednesday: 9:30 AM to 6:30 PM, Thursday: 9:30 AM to 6:30 PM, Friday: 9:30 AM to 6:30 PM, Saturday: 9:30 AM to 6:30 PM, Sunday: Closed",https://www.google.com/maps/search/?api=1&query=Idream%20Properties&query_place_id=ChIJ_-0rtW5vUjoRTU-D7psaoUc,2026-07-09T14:51:54.477Z
DIVYA AGENCY,Real estate agency,,,,,,"476Q+RGH, Rajagopal St, Singara Garden, Old Washermanpet, Chennai, Greater Chennai, Tamil Nadu 600021, India","Chennai, Greater Chennai",Tamil Nadu,IN,600021,,https://www.google.com/maps/search/?api=1&query=DIVYA%20AGENCY&query_place_id=ChIJm47tRW9vUjoRmvoal8vMb34,2026-07-09T14:51:57.509Z
Chennai Asset Recovery P.LTD,Debt collection agency,4.9,157.0,+91 90879 41000,office@chennaiassetrecovery.com,http://www.chennaiassetrecovery.com/,"51, 25, Seven Wells St, Seven Wells North, George Town, Chennai, Greater Chennai, Tamil Nadu 600001, India","Chennai, Greater Chennai",Tamil Nadu,IN,600001,"Monday: 10 AM to 8 PM, Tuesday: 10 AM to 8 PM, Wednesday: 10 AM to 8 PM, Thursday: 10 AM to 8 PM, Friday: 10 AM to 8 PM, Saturday: 10 AM to 8 PM, Sunday: Closed",https://www.google.com/maps/search/?api=1&query=Chennai%20Asset%20Recovery%20P.LTD&query_place_id=ChIJb9_lnl5vUjoR2XqDgtthIvY,2026-07-09T14:51:47.623Z
CHANDRAVEL PERUMAL,Real estate agency,,,+91 80565 39151,,,"Chennai - Srikakulam Hwy, Mottai Garden, Old Washermanpet, Chennai, Greater Chennai, Tamil Nadu 600021, India","Chennai, Greater Chennai",Tamil Nadu,IN,600021,,https://www.google.com/maps/search/?api=1&query=CHANDRAVEL%20PERUMAL&query_place_id=ChIJOejTuUtvUjoR4pm194vOPjo,2026-07-09T14:52:01.882Z
Elite Properties,Real estate agency,5.0,1.0,+91 98417 46636,,,"No.3/2 Barber Royapuram Chennai, Tamil Nadu 600013, India","Greater Chennai, Chennai",Tamil Nadu,IN,600013,"Monday: Open 24 hours, Tuesday: Open 24 hours, Wednesday: Open 24 hours, Thursday: Open 24 hours, Friday: Open 24 hours, Saturday: Open 24 hours, Sunday: Open 24 hours",https://www.google.com/maps/search/?api=1&query=Elite%20Properties&query_place_id=ChIJaTjbKGlvUjoR_8fYfw-JeXM,2026-07-09T14:52:04.610Z
AMAN TOWERS,Real estate agency,4.4,13.0,,,,"No.1 Bajani Koli street Royapuram, Royapuram chennai, Tamil Nadu 600013, India","Royapuram chennai, Greater Chennai",Tamil Nadu,IN,600013,,https://www.google.com/maps/search/?api=1&query=AMAN%20TOWERS&query_place_id=ChIJ51C5zGlvUjoR8zU07o-C4_Y,2026-07-09T14:52:05.106Z
Vip Real Estate,Real estate agency,,,,,,"1, Broadway Rd, Amman Koil South, George Town, Chennai, Greater Chennai, Tamil Nadu 600001, India","Chennai, Greater Chennai",Tamil Nadu,IN,600001,,https://www.google.com/maps/search/?api=1&query=Vip%20Real%20Estate&query_place_id=ChIJ9T02qltvUjoRbiUAGvVk750,2026-07-09T14:52:08.053Z
Aysha Real Estate,Real estate agency,,,,,,"11/6, Chella Muthu Ln, Mannadi, George Town, Chennai, Greater Chennai, Tamil Nadu 600001, India","Chennai, Greater Chennai",Tamil Nadu,IN,600001,,https://www.google.com/maps/search/?api=1&query=Aysha%20Real%20Estate&query_place_id=ChIJ4QOO30RvUjoRLudD9vEFaMc,2026-07-09T14:52:08.393Z
RT REAL ESTATE,Real estate agency,5.0,1.0,,,,"477H+6HR, Parthasarathy Nagar Main Rd, Meenambal Nagar, Korukkupet, Old Washermanpet, Chennai, Greater Chennai, Tamil Nadu 600021, India","Chennai, Greater Chennai",Tamil Nadu,IN,600021,,https://www.google.com/maps/search/?api=1&query=RT%20REAL%20ESTATE&query_place_id=ChIJyaEZUGJvUjoR8jTvJUXO9v0,2026-07-09T14:52:12.525Z
Sri Shanti Real Estate,Real estate agent,3.0,2.0,+91 74073 63636,,,"5, Perumal Mudali St, Sowcarpet, George Town, Chennai, Greater Chennai, Tamil Nadu 600079, India","Chennai, Greater Chennai",Tamil Nadu,IN,600079,"Monday: 10:30 AM to 8:30 PM, Tuesday: 10:30 AM to 8:30 PM, Wednesday: 10:30 AM to 8:30 PM, Thursday: 10:30 AM to 8:30 PM, Friday: 10:30 AM to 8:30 PM, Saturday: 10:30 AM to 8:30 PM, Sunday: 11 AM to 2 PM",https://www.google.com/maps/search/?api=1&query=Sri%20Shanti%20Real%20Estate&query_place_id=ChIJmSl1AmhvUjoRch38baw-f7A,2026-07-09T14:52:13.065Z
Prabha Cool Bar,Retail space rental agency,4.7,6.0,+91 91768 68671,,,"81, Cemetery Rd, Minakshi Ammanpet, Royapuram, Chennai, Greater Chennai, Tamil Nadu 600013, India","Chennai, Greater Chennai",Tamil Nadu,IN,600013,,https://www.google.com/maps/search/?api=1&query=Prabha%20Cool%20Bar&query_place_id=ChIJ3RlLFFBnUjoRh4BpV3imadA,2026-07-09T14:52:14.234Z
Kavinithi Promoters - Real Estate & Land Developers,Corporate office,,,,,,"371, Thiruvottiyur High Rd, Mottai Garden, Poonamallee, Chennai, Greater Chennai, Tamil Nadu 600021, India","Chennai, Greater Chennai",Tamil Nadu,IN,600021,"Monday: 8 AM to 7:30 PM, Tuesday: 8 AM to 7:30 PM, Wednesday: 8 AM to 7:30 PM, Thursday: 8 AM to 7:30 PM, Friday: 8 AM to 7:30 PM, Saturday: 8 AM to 7:30 PM, Sunday: 8 AM to 7:30 PM",https://www.google.com/maps/search/?api=1&query=Kavinithi%20Promoters%20-%20Real%20Estate%20%26%20Land%20Developers&query_place_id=ChIJnbjipFBvUjoR_4m1fA2z3hM,2026-07-09T14:52:16.371Z
Casagrand Masseys,Condominium complex,4.4,160.0,+91 90475 60000,"sales@casagrand.co.in, icare@casagrand.co.in, land@casagrand.co.in, ncustomerbankingsupport@casagrand.co.in, saket@casagrand.co.in",https://www.casagrand.co.in/ready-to-occupy/masseys-3bhk-apartments-in-royapuram-chennai/,"N Terminus Rd, Pudumanaikuppam, Royapuram, Chennai, Greater Chennai, Tamil Nadu 600013, India","Chennai, Greater Chennai",Tamil Nadu,IN,600013,,https://www.google.com/maps/search/?api=1&query=Casagrand%20Masseys&query_place_id=ChIJV5wr3GlvUjoRjUNRJwQ-eCg,2026-07-09T14:51:48.857Z
M.G.MOHAN REAL ESTATE,Real estate agency,,,,,,"Asirvada Puram, George Town, Greater Chennai, Chennai, Tamil Nadu 600001, India","Greater Chennai, Chennai",Tamil Nadu,IN,,,https://www.google.com/maps/search/?api=1&query=M.G.MOHAN%20REAL%20ESTATE&query_place_id=ChIJQQ29f1xvUjoRxmpQnUAgN0c,2026-07-09T14:52:18.155Z
YEKOVA CONSTRUCTION ️,Construction company,4.9,28.0,+91 80980 02381,yekovaconstruction@gmail.com,http://yekovaconstruction.com/,"9/3, Thangavelu Pillai Thottam, Kasima Nagar 2nd St, Washermanpet, Chennai, Tamil Nadu 600021, India","Chennai, Greater Chennai",Tamil Nadu,IN,600021,"Monday: 9 AM to 7 PM, Tuesday: 9 AM to 7 PM, Wednesday: 9 AM to 7 PM, Thursday: 9 AM to 7 PM, Friday: 9 AM to 7 PM, Saturday: 9 AM to 7 PM, Sunday: 9 AM to 7 PM",https://www.google.com/maps/search/?api=1&query=YEKOVA%20CONSTRUCTION%20%EF%B8%8F&query_place_id=ChIJM-KmvkFvUjoRZpTtigiQMVU,2026-07-09T14:51:54.262Z
Sri Kay AMTE Group,Real estate developer,,,,websupport@luxre.com,https://www.tiruthanighairealestates.com/,"No.104, Old.No.82/2, New, 2, Perambur High Rd, Chennai, Tamil Nadu 600011, India",,,,,,https://www.google.com/maps/search/?api=1&query=Sri%20Kay%20AMTE%20Group&query_place_id=ChIJez-8udplUjoRIVSur1IudGs,2026-07-09T14:52:05.956Z
Pawan Kumar REAL ESTATE,Real estate agency,,,+91 97898 20191,,,"472G+RHV, Sabapathi Street, Kondithope, George Town, Chennai, Greater Chennai, Tamil Nadu 600001, India","Chennai, Greater Chennai",Tamil Nadu,IN,600001,,https://www.google.com/maps/search/?api=1&query=Pawan%20Kumar%20REAL%20ESTATE&query_place_id=ChIJY759gfVlUjoRG5fkSmFaMbo,2026-07-09T14:52:21.755Z
Mani Saloon & Real Estate,Real estate agency,,,+91 94453 54423,,,"479G+29X, Sathyamoorthy St, Meenambal Nagar, Korukkupet, Vyasarpadi, Chennai, Greater Chennai, Tamil Nadu 600021, India","Chennai, Greater Chennai",Tamil Nadu,IN,600021,,https://www.google.com/maps/search/?api=1&query=Mani%20Saloon%20%26%20Real%20Estate&query_place_id=ChIJr9v87YdlUjoRnohcfT-jEtc,2026-07-09T14:52:22.220Z
Shanthi Real-Estate,Construction company,5.0,1.0,+91 90030 93587,,,"police station, 36, Thiruvottiyur High Rd, near H1, Basin Bridge, Kathibada, Washermanpet, Chennai, Greater Chennai, Tamil Nadu 600021, India","Chennai, Greater Chennai",Tamil Nadu,IN,600021,"Monday: 9 AM to 8 PM, Tuesday: 9 AM to 8 PM, Wednesday: 9 AM to 8 PM, Thursday: 9 AM to 8 PM, Friday: 9 AM to 8 PM, Saturday: 9 AM to 8 PM, Sunday: Closed",https://www.google.com/maps/search/?api=1&query=Shanthi%20Real-Estate&query_place_id=ChIJm4J3JapvUjoRKfCXhQbcRkk,2026-07-09T14:52:23.631Z
PK BUILDERS,Construction company,4.7,12.0,+91 94446 62222,,http://www.pkbuilders.co.in/,"Shanmugarayan St, Thayapa, Bundar Rama Garden, George Town, Chennai, Greater Chennai, Tamil Nadu 600001, India","Chennai, Greater Chennai",Tamil Nadu,IN,600001,"Monday: 9 AM to 7 PM, Tuesday: 9 AM to 7 PM, Wednesday: 9 AM to 7 PM, Thursday: 9 AM to 7 PM, Friday: 9 AM to 7 PM, Saturday: 9 AM to 7 PM, Sunday: 9 AM to 7 PM",https://www.google.com/maps/search/?api=1&query=PK%20BUILDERS&query_place_id=ChIJWWvXqF1vUjoRr0USsePtx5s,2026-07-09T14:52:20.815Z
MKS Real Estate,Real estate agency,,,+91 95662 00433,,,"37/14, Mint Subrayulu St, Meenambal Nagar, Korukkupet, Washermanpet, Chennai, Greater Chennai, Tamil Nadu 600021, India","Chennai, Greater Chennai",Tamil Nadu,IN,600021,,https://www.google.com/maps/search/?api=1&query=MKS%20Real%20Estate&query_place_id=ChIJhzkbt7BvUjoRpIuD_CGNNtk,2026-07-09T14:52:25.218Z
Mahathi Homes,Construction company,5.0,20.0,+91 89254 05082,mahathihomes@gmail.com,http://www.mahathihomes.in/,"No.133/54, Ground Floor, Solaiappan St, opp. Urban Community Health Centre, Chellapa Colony, Sanjeevarayanpet, Old Washermanpet, Chennai, Greater Chennai, Tamil Nadu 600021, India","Chennai, Greater Chennai",Tamil Nadu,IN,600021,"Monday: 9 AM to 6 PM, Tuesday: 9 AM to 6 PM, Wednesday: 9 AM to 6 PM, Thursday: 9 AM to 6 PM, Friday: 9 AM to 6 PM, Saturday: 9 AM to 6 PM, Sunday: Closed",https://www.google.com/maps/search/?api=1&query=Mahathi%20Homes&query_place_id=ChIJ1a2ZTHdvUjoRZdoy8AG_L-s,2026-07-09T14:52:16.105Z
Royal Property Consultancy,Real estate consultant,,,,,,"23rd St, B.V.Colony, Saliman Colony, Vyasarpadi, Chennai, Greater Chennai, Tamil Nadu 600039, India","Chennai, Greater Chennai",Tamil Nadu,IN,600039,,https://www.google.com/maps/search/?api=1&query=Royal%20Property%20Consultancy&query_place_id=ChIJIWeJil1lUjoR_0__TiN8Als,2026-07-09T14:52:26.943Z
Suprabath Real Estate,Real estate agency,,,+91 98848 91264,,,"15, B B Road, 39, Perambur, Chennai, Tamil Nadu 600039, India","Chennai, Greater Chennai",Tamil Nadu,IN,600039,,https://www.google.com/maps/search/?api=1&query=Suprabath%20Real%20Estate&query_place_id=ChIJp60cp71lUjoRC7k1DyCjj0Q,2026-07-09T14:52:27.093Z
SNEHA REALITY HOMES - ALCAZAR,Construction company,5.0,13.0,,sneharealityhomes@gmail.com,https://sneharealityhomes.com/,"RAMANUJA KOODAM STREET, Korukkupet, Washermanpet, Chennai, Greater Chennai, Tamil Nadu 600021, India","Chennai, Greater Chennai",Tamil Nadu,IN,600021,"Monday: 9 AM to 8 PM, Tuesday: 9 AM to 8 PM, Wednesday: 9 AM to 8 PM, Thursday: 9 AM to 8 PM, Friday: 9 AM to 8 PM, Saturday: 9 AM to 7 PM, Sunday: Closed",https://www.google.com/maps/search/?api=1&query=SNEHA%20REALITY%20HOMES%20-%20ALCAZAR&query_place_id=ChIJSUngDxRvUjoRSo7zlRgZKNM,2026-07-09T14:52:25.405Z
Harsham Homes,Apartment building,2.0,1.0,,,,"12, BB Rd, Kakkanji Colony, Chinnaiyan Colony, Perambur, Chennai, Greater Chennai, Tamil Nadu 600011, India","Chennai, Greater Chennai",Tamil Nadu,IN,600011,,https://www.google.com/maps/search/?api=1&query=Harsham%20Homes&query_place_id=ChIJV1g_ODtlUjoR-FvHx5lzdbA,2026-07-09T14:52:28.907Z
Sourav Property,Housing development,,,,,,"4734+VPV, N Town Internal Rd, Binny Garden, Jamalia, Chennai, Greater Chennai, Tamil Nadu 600012, India","Chennai, Greater Chennai",Tamil Nadu,IN,600012,,https://www.google.com/maps/search/?api=1&query=Sourav%20Property&query_place_id=ChIJB4LhBQBlUjoR3U0Z9R1U7Ck,2026-07-09T14:52:28.642Z
North Town,Apartment complex,4.0,2576.0,,,,"No. 4,5, 6 7, Stephenson Rd, near Buckingham & Carnatic Gardens, Binny Garden, Perambur, Chennai, Greater Chennai, Tamil Nadu 600012, India","Chennai, Greater Chennai",Tamil Nadu,IN,600012,,https://www.google.com/maps/search/?api=1&query=North%20Town&query_place_id=ChIJr2pK6JRlUjoRZm4HOxpPu8Q,2026-07-09T14:52:31.307Z
Perambur Kumar,Marketing agency,3.9,8.0,,,,"31, B.B.Road, Sriram Nagar, Vyasarpadi, Chennai, Greater Chennai, Tamil Nadu 600039, India","Chennai, Greater Chennai",Tamil Nadu,IN,600039,"Monday: 9 AM to 9 PM, Tuesday: 9 AM to 9 PM, Wednesday: 9 AM to 9 PM, Thursday: 9 AM to 9 PM, Friday: 9 AM to 9 PM, Saturday: 9 AM to 9 PM, Sunday: Closed",https://www.google.com/maps/search/?api=1&query=Perambur%20Kumar&query_place_id=ChIJNTwtub1lUjoR3X9L8xt3cHQ,2026-07-09T14:52:32.009Z
DRS Construction & RE,Construction company,4.7,3.0,+91 70100 71215,,,"Shop No. 23, 1, Paddy Field Rd, Chinnaiyan Colony, Perambur, Chennai, Greater Chennai, Tamil Nadu 600011, India","Chennai, Greater Chennai",Tamil Nadu,IN,600011,"Monday: 9 AM to 10 PM, Tuesday: 9 AM to 10 PM, Wednesday: 9 AM to 10 PM, Thursday: 9 AM to 10 PM, Friday: 9 AM to 10 PM, Saturday: 9 AM to 10 PM, Sunday: 9 AM to 10 PM",https://www.google.com/maps/search/?api=1&query=DRS%20Construction%20%26%20RE&query_place_id=ChIJQ6RWBLxlUjoRaDvvVwP69dw,2026-07-09T14:52:33.587Z
Ams Enterprises,Real estate agency,4.0,1.0,,,,"463X+FQH, Hyder Garden 3rd St, Shanthi Nagar, Wadia Nagar, Jamalia, Chennai, Greater Chennai, Tamil Nadu 600012, India","Chennai, Greater Chennai",Tamil Nadu,IN,600012,,https://www.google.com/maps/search/?api=1&query=Ams%20Enterprises&query_place_id=ChIJlbk8r8BlUjoRkVHYw_veoUI,2026-07-09T14:52:34.342Z
SSR REAL ESTATE,Real estate agency,5.0,1.0,+91 94444 79948,,,"36, Chinna Babu St, Nammalwarpet, Purasaiwakkam, Chennai, Greater Chennai, Tamil Nadu 600012, India","Chennai, Greater Chennai",Tamil Nadu,IN,600012,,https://www.google.com/maps/search/?api=1&query=SSR%20REAL%20ESTATE&query_place_id=ChIJTQ8dpsVlUjoReEH_TOwydus,2026-07-09T14:52:36.702Z
Sri Balaji Real Estate,Real estate agency,4.8,4.0,+91 89393 93988,,,"27, Sundaram Street, Arasappa St, opp. Adayar Anandha Bhavan, Salama Nagar, Purasaiwakkam, Chennai, Tamil Nadu 600007, India","Chennai, Greater Chennai",Tamil Nadu,IN,600007,"Monday: 9 AM to 10 PM, Tuesday: 9 AM to 10 PM, Wednesday: 9 AM to 10 PM, Thursday: 9 AM to 10 PM, Friday: 9 AM to 10 PM, Saturday: 9 AM to 10 PM, Sunday: 9 AM to 10 PM",https://www.google.com/maps/search/?api=1&query=Sri%20Balaji%20Real%20Estate&query_place_id=ChIJJ_E-F95lUjoRlDnAq3ucdVg,2026-07-09T14:52:38.332Z
Traventure Helios,Apartment building,5.0,4.0,,sales@traventurehomes.com,https://www.traventurehomes.com/,"BB Rd, Chinnaiyan Colony, Vyasarpadi, Chennai, Greater Chennai, Tamil Nadu 600039, India","Chennai, Greater Chennai",Tamil Nadu,IN,600039,,https://www.google.com/maps/search/?api=1&query=Traventure%20Helios&query_place_id=ChIJD09Q1_hlUjoRnOnKqlpNvcE,2026-07-09T14:52:30.097Z
Akshayaa Properties,Real estate agency,,,,,https://akshayaaproperties.com/,"466X+7PX, Chinnaiyan Colony, Perambur, Chennai, Greater Chennai, Tamil Nadu 600011, India",,,,,,https://www.google.com/maps/search/?api=1&query=Akshayaa%20Properties&query_place_id=ChIJf5lOdmEVGakRFZFhDkcDRwA,2026-07-09T14:52:25.959Z
REALTY INDIA,Real estate consultant,5.0,19.0,+91 99520 24393,,http://www.realtyindia.in/,"Ground Floor, jain colony, No.44, Choolai, Chennai, Tamil Nadu 600112, India","Chennai, Greater Chennai",Tamil Nadu,IN,600112,"Monday: 9 AM to 5:30 PM, Tuesday: 9 AM to 5:30 PM, Wednesday: 9 AM to 5:30 PM, Thursday: 9 AM to 5:30 PM, Friday: 9 AM to 5:30 PM, Saturday: 9 AM to 5:30 PM, Sunday: 9 AM to 12 PM",https://www.google.com/maps/search/?api=1&query=REALTY%20INDIA&query_place_id=ChIJYxw7ycZlUjoRgnAr1rXF7Uc,2026-07-09T14:52:35.958Z
SPR CITY Highliving Apartment,Condominium complex,4.2,272.0,+91 44 6678 6600,marketing@sprindia.com,http://www.sprhighliving.com/,"Bhanumati Rd, Somasundara Nagar, Jamalia, Chennai, Greater Chennai, Tamil Nadu 600012, India","Chennai, Greater Chennai",Tamil Nadu,IN,600012,,https://www.google.com/maps/search/?api=1&query=SPR%20CITY%20Highliving%20Apartment&query_place_id=ChIJU2jLjQplUjoRu-Dcu4lnhmA,2026-07-09T14:52:32.788Z
Om Sri Sai Real Estate,Real estate agency,,,,,,"17, Paddy Field Rd, Kakkanji Colony, Chinnaiyan Colony, Perambur, Chennai, Greater Chennai, Tamil Nadu 600011, India","Chennai, Greater Chennai",Tamil Nadu,IN,600011,,https://www.google.com/maps/search/?api=1&query=Om%20Sri%20Sai%20Real%20Estate&query_place_id=ChIJg_UHvLxlUjoRo4ll40De1YQ,2026-07-09T14:52:42.728Z
ரியல் எஸ்டேட் REAL ESTATE,Real estate agency,,,,,,"47C5+7QG, MKB Nagar West Ave, opposite Old, MKB Nagar, Mahakavi Bharathiyar Nagar Central, Mahakavi Bharathi Nagar, Vyasarpadi, Chennai, Greater Chennai, Tamil Nadu 600039, India","Chennai, Greater Chennai",Tamil Nadu,IN,600039,,https://www.google.com/maps/search/?api=1&query=%E0%AE%B0%E0%AE%BF%E0%AE%AF%E0%AE%B2%E0%AF%8D%20%E0%AE%8E%E0%AE%B8%E0%AF%8D%E0%AE%9F%E0%AF%87%E0%AE%9F%E0%AF%8D%20REAL%20ESTATE&query_place_id=ChIJ22oPW5llUjoROQYLCgMorZU,2026-07-09T14:52:42.483Z
Rmrr Real Estate And Land Promoters,Real estate agency,,,,,,"Ramakrishna Street, 47, Melpatti Ponnappa St, Kakkanji Colony, Chinnaiyan Colony, Perambur, Chennai, Greater Chennai, Tamil Nadu 600011, India","Chennai, Greater Chennai",Tamil Nadu,IN,600011,,https://www.google.com/maps/search/?api=1&query=Rmrr%20Real%20Estate%20And%20Land%20Promoters&query_place_id=ChIJU7yMsrxlUjoRTBZED4Q-2ew,2026-07-09T14:52:44.479Z
Tiruthanikai Infra City,Construction company,4.9,79.0,+91 93555 36346,tiruthanikaiinfracity@gmail.com,https://tiruthanikaiinfracity.com/,"41, Paddy Field Rd, NELVAYAL NAGAR, Perambur, Chennai, Greater Chennai, Tamil Nadu 600011, India","Chennai, Greater Chennai",Tamil Nadu,IN,600011,"Monday: 9 AM to 8:30 PM, Tuesday: Closed, Wednesday: 9 AM to 8:30 PM, Thursday: 9 AM to 8:30 PM, Friday: 9 AM to 8:30 PM, Saturday: 9 AM to 8:30 PM, Sunday: 9 AM to 8:30 PM",https://www.google.com/maps/search/?api=1&query=Tiruthanikai%20Infra%20City&query_place_id=ChIJ4dErGQBlUjoRAk5ysc9HBzQ,2026-07-09T14:52:34.415Z
"Ayyappa Real Estate and Tolet Home Lease, Rent And Sale",Construction company,5.0,6.0,,,,"Puzhal Sivagnanam St, Kakkanji Colony, Chinnaiyan Colony, Perambur, Chennai, Greater Chennai, Tamil Nadu 600011, India","Chennai, Greater Chennai",Tamil Nadu,IN,600011,"Monday: 9 AM to 9 PM, Tuesday: 9 AM to 9 PM, Wednesday: 9 AM to 9 PM, Thursday: 9 AM to 9 PM, Friday: 9 AM to 9 PM, Saturday: 9 AM to 9 PM, Sunday: 9 AM to 9 PM",https://www.google.com/maps/search/?api=1&query=Ayyappa%20Real%20Estate%20and%20Tolet%20Home%20Lease%2C%20Rent%20And%20Sale&query_place_id=ChIJKT2MY05lUjoR73WVxT0W5fE,2026-07-09T14:52:47.055Z
Khalifa Real Estate,Construction company,5.0,2.0,,,,"road No.202, masjid e MUQADDAS, floor FF3, P.b, 1 st, Pensioners Ln, Pattalam, Chennai, Tamil Nadu 600012, India","Chennai, Greater Chennai",Tamil Nadu,IN,600012,,https://www.google.com/maps/search/?api=1&query=Khalifa%20Real%20Estate&query_place_id=ChIJGS28bQBlUjoR2kBUJAsfo74,2026-07-09T14:52:47.107Z
Thanigai Thiagarajan (Vice President ),Industrial real estate agency,5.0,101.0,,,,"28/1, Selva Vinayagar Koil Street, Chinnaiyan Colony, Perambur, Chennai, Greater Chennai, Tamil Nadu 600011, India","Chennai, Greater Chennai",Tamil Nadu,IN,600011,,https://www.google.com/maps/search/?api=1&query=Thanigai%20Thiagarajan%20(Vice%20President%20)&query_place_id=ChIJQ_PFV7RnUjoRvNc7IP8vAZc,2026-07-09T14:52:48.391Z
SPR India,Construction company,4.2,743.0,+91 75501 35333,marketing@sprindia.com,https://sprindia.com/,"B&C Mills, SPR India, No:1, Cooks Rd, Perambur, Chennai, Tamil Nadu 600012, India","Chennai, Greater Chennai",Tamil Nadu,IN,600012,"Monday: 9:30 AM to 6:30 PM, Tuesday: 9:30 AM to 6:30 PM, Wednesday: 9:30 AM to 6:30 PM, Thursday: 9:30 AM to 6:30 PM, Friday: 9:30 AM to 6:30 PM, Saturday: 9:30 AM to 6:30 PM, Sunday: 9:30 AM to 6:30 PM",https://www.google.com/maps/search/?api=1&query=SPR%20India&query_place_id=ChIJSWyTM0NlUjoR98AKUVaMM5Y,2026-07-09T14:52:42.692Z
SPR CITY - BINNY,Real estate developer,4.3,511.0,+91 44 6678 6600,marketing@sprindia.com,https://sprindia.com/,"B&C Mills, SPR CITY, No:1, Cooks Rd, Perambur, Chennai, Tamil Nadu 600012, India","Chennai, Greater Chennai",Tamil Nadu,IN,600012,"Monday: 9:30 AM to 7 PM, Tuesday: 9:30 AM to 7 PM, Wednesday: 9:30 AM to 7 PM, Thursday: 9:30 AM to 7 PM, Friday: 9:30 AM to 7 PM, Saturday: 9:30 AM to 7 PM, Sunday: 9:30 AM to 7 PM",https://www.google.com/maps/search/?api=1&query=SPR%20CITY%20-%20BINNY&query_place_id=ChIJ1wziPMBlUjoRKF0fk4JnQ8g,2026-07-09T14:52:43.612Z
THANIGAI ESTATE,Real estate agency,4.5,17.0,,"info@thanigaiestates.com, Info@thanigaiestates.com",https://thanigaiestates.com/,"47G7+247, 4th Main Rd, Weavers Colony, Mahakavi Bharathiyar Nagar Central, Mahakavi Bharathi Nagar, Vyasarpadi, Chennai, Greater Chennai, Tamil Nadu 600039, India","Chennai, Greater Chennai",Tamil Nadu,IN,600039,,https://www.google.com/maps/search/?api=1&query=THANIGAI%20ESTATE&query_place_id=ChIJl_TfqZ1lUjoRHMFVPDKb5Qs,2026-07-09T14:52:40.327Z
Thanigai Estates & Constructions Pvt Ltd,Real estate developer,4.9,2033.0,+91 91590 91591,"info@thanigaiestates.com, Info@thanigaiestates.com",http://www.thanigaiestates.com/,"No.69, New No.50, Old, Patel Rd, Perambur, Chennai, Tamil Nadu 600011, India","Chennai, Greater Chennai",Tamil Nadu,IN,600011,"Monday: 9 AM to 9 PM, Tuesday: Closed, Wednesday: 9 AM to 9 PM, Thursday: 9 AM to 9 PM, Friday: 9 AM to 9 PM, Saturday: 9 AM to 9 PM, Sunday: 9 AM to 9 PM",https://www.google.com/maps/search/?api=1&query=Thanigai%20Estates%20%26%20Constructions%20Pvt%20Ltd&query_place_id=ChIJea0UA_NlUjoRwGHOXLjvSLw,2026-07-09T14:52:44.728Z
Om Estates,Construction company,,,,,,"3rd Floor, No. 37, Mount Road, Anna Salai, Triplicane, Chennai, Greater Chennai, Tamil Nadu 600002, India","Chennai, Greater Chennai",Tamil Nadu,IN,600002,,https://www.google.com/maps/search/?api=1&query=Om%20Estates&query_place_id=ChIJPwSV9NVnUjoRZq4a2IGDTQM,2026-07-09T14:52:54.246Z
Namma veedu Housing & Real Estate Company-Estate Agents in Perambur,Industrial real estate agency,5.0,3.0,+91 70107 87117,"nammaveeduhousing@gmail.com, nammaveeduaadil@gmail.com, g5plus@outlook.com",https://homesandland.in/,"Masjid-E-Azam, Pulianthope High Road, Pattalam, Choolai, Chennai, Greater Chennai, Tamil Nadu 600012, India","Chennai, Greater Chennai",Tamil Nadu,IN,600012,"Monday: 10 AM to 8 PM, Tuesday: 10 AM to 8 PM, Wednesday: 10 AM to 8 PM, Thursday: 10 AM to 8 PM, Friday: 10 AM to 8 PM, Saturday: 10 AM to 8 PM, Sunday: 10 AM to 2 PM",https://www.google.com/maps/search/?api=1&query=Namma%20veedu%20Housing%20%26%20Real%20Estate%20Company-Estate%20Agents%20in%20Perambur&query_place_id=ChIJ53TX5yxlUjoRm5cItKusGZs,2026-07-09T14:52:48.865Z
SP Dharsan Real Estate Agents,Commercial real estate agency,4.5,8.0,+91 72995 44542,,,"Shop No :1 , Door no : 102 , pycrofts road,Real Regency complex,Royapettah, ch 14, Chennai, Tamil Nadu 600014, India","Chennai, Greater Chennai",Tamil Nadu,IN,600014,"Monday: 9 AM to 8 PM, Tuesday: 9 AM to 8 PM, Wednesday: 9 AM to 8 PM, Thursday: 9 AM to 8 PM, Friday: 9 AM to 8 PM, Saturday: 9 AM to 8 PM, Sunday: Closed",https://www.google.com/maps/search/?api=1&query=SP%20Dharsan%20Real%20Estate%20Agents&query_place_id=ChIJR6a1fCJmUjoRszMgV84ds1A,2026-07-09T14:52:55.662Z
VMV Estates & Construction,Construction company,,,,,https://youtube.com/@vmvproperties?si=EmZqi3Dfxhw1Gh_z,"Patel Rd, Perambur, Chennai, Greater Chennai, Tamil Nadu 600011, India","Chennai, Greater Chennai",Tamil Nadu,IN,600011,"Monday: 9 AM to 6 PM, Tuesday: Closed, Wednesday: 9 AM to 6 PM, Thursday: 9 AM to 6 PM, Friday: 9 AM to 6 PM, Saturday: 9 AM to 6 PM, Sunday: 9 AM to 6 PM",https://www.google.com/maps/search/?api=1&query=VMV%20Estates%20%26%20Construction&query_place_id=ChIJsbpvvpZlUjoRrX5wvSzqaoA,2026-07-09T14:52:56.872Z
Swarna Homes,Real estate developer,,,,,,"Venus Market, 85/38, Market St, near Indian Bank, opposite IN, Amrithammal Colony, Perambur, Chennai, Greater Chennai, Tamil Nadu 600011, India","Chennai, Greater Chennai",Tamil Nadu,IN,600011,,https://www.google.com/maps/search/?api=1&query=Swarna%20Homes&query_place_id=ChIJmVPryLNlUjoRuv7EXoeHE6Y,2026-07-09T14:52:58.004Z
Infinity property,Construction company,,,+91 98409 58383,Infinitypropertymk@gmail.com,https://infinityproperty.in/,"""Anjuman shopping complex"" , 846, 2nd Floor , shop no:9 , Anna salai , near khadi gramodyog, Chennai, Tamilnadu : 600002, Tamil Nadu 600002, India","Greater Chennai, Chennai",Tamil Nadu,IN,600002,"Monday: 10 AM to 6:30 PM, Tuesday: 10 AM to 6:30 PM, Wednesday: 10 AM to 6:30 PM, Thursday: 10 AM to 6:30 PM, Friday: 10 AM to 6:30 PM, Saturday: 10 AM to 6:30 PM, Sunday: Closed",https://www.google.com/maps/search/?api=1&query=Infinity%20property&query_place_id=ChIJWXdLZ0RnUjoRdatT1nIAAuU,2026-07-09T14:52:55.673Z
J J Land Promoter Pvt Ltd,Real estate agency,5.0,1.0,,,,"1st Floor, 20, Saraswathi Square St, near Anandha Bhavan, Perambur, Chennai, Greater Chennai, Tamil Nadu 600011, India","Chennai, Greater Chennai",Tamil Nadu,IN,600011,,https://www.google.com/maps/search/?api=1&query=J%20J%20Land%20Promoter%20Pvt%20Ltd&query_place_id=ChIJwVaSCrllUjoRAgRxpljfsaw,2026-07-09T14:52:59.067Z
J J Ressurected Real Estate,Real estate agency,,,,,,"12/1, New No 31, Old, Bunder Garden Main St, near Lourdes School, Bunder Garden, Perambur, Chennai, Greater Chennai, Tamil Nadu 600011, India","Chennai, Greater Chennai",Tamil Nadu,IN,600011,,https://www.google.com/maps/search/?api=1&query=J%20J%20Ressurected%20Real%20Estate&query_place_id=ChIJCW0KlLBlUjoR33O0psSWMu0,2026-07-09T14:52:59.815Z
Vaishnavi Enterprises,Real estate agency,,,+91 93825 94659,,,"Thamarai Medical, 61/1, Patel Rd, near BRINDA TEXTILES, Perambur, Chennai, Greater Chennai, Tamil Nadu 600011, India","Chennai, Greater Chennai",Tamil Nadu,IN,600011,,https://www.google.com/maps/search/?api=1&query=Vaishnavi%20Enterprises&query_place_id=ChIJl6wni7llUjoRsTRNshSyb_w,2026-07-09T14:53:00.119Z
Chennai Real Estate,Office space rental agency,,,,,,"Srinivasa Perumal Sanadi, 2nd St, Ganapathy Colony, Royapettah, Chennai, Greater Chennai, Tamil Nadu 600014, India","Chennai, Greater Chennai",Tamil Nadu,IN,600014,,https://www.google.com/maps/search/?api=1&query=Chennai%20Real%20Estate&query_place_id=ChIJ5fhoz-FnUjoRneRZFhMABAE,2026-07-09T14:53:01.736Z
Haridra - Appaswamy Real Estates Ltd,Apartment building,4.3,12.0,,,,"Royapettah High Rd, Mylapore, Chennai, Greater Chennai, Tamil Nadu 600004, India","Chennai, Greater Chennai",Tamil Nadu,IN,600004,,https://www.google.com/maps/search/?api=1&query=Haridra%20-%20Appaswamy%20Real%20Estates%20Ltd&query_place_id=ChIJqe4mWrNnUjoReuuNoneYZ1k,2026-07-09T14:53:02.353Z
STEEPLE REACH,Office space rental agency,4.1,21.0,,,,"25, Cathedral Rd, Kasturi Estate, Gopalapuram, Chennai, Greater Chennai, Tamil Nadu 600086, India","Chennai, Greater Chennai",Tamil Nadu,IN,600086,,https://www.google.com/maps/search/?api=1&query=STEEPLE%20REACH&query_place_id=ChIJqz67qt1nUjoRG6vEAJvrZUk,2026-07-09T14:53:03.557Z
Paramount Realty - Mylapore Branch,Real estate developer,4.0,1.0,,,,"111, Dr Radha Krishnan Salai, opposite new woodlands hotel, Kattukoil Garden, Mylapore, Chennai, Greater Chennai, Tamil Nadu 600004, India","Chennai, Greater Chennai",Tamil Nadu,IN,600004,,https://www.google.com/maps/search/?api=1&query=Paramount%20Realty%20-%20Mylapore%20Branch&query_place_id=ChIJfyQCRTpnUjoRw6GQuaz690U,2026-07-09T14:53:03.768Z
Apollo Global Realty AGR,Real estate consultant,5.0,1.0,,,,"63/29, Poes Garden, Teynampet, Chennai, Greater Chennai, Tamil Nadu 600086, India","Chennai, Greater Chennai",Tamil Nadu,IN,600086,,https://www.google.com/maps/search/?api=1&query=Apollo%20Global%20Realty%20AGR&query_place_id=ChIJswgXPQBnUjoRuyZO27w2Eao,2026-07-09T14:53:04.876Z
Anand Real Estate,Real estate agency,,,+91 98410 73168,,,"No 11/6, TTK Rd, near by Music Academy, Pudupet, Royapettah, Chennai, Greater Chennai, Tamil Nadu 600086, India","Chennai, Greater Chennai",Tamil Nadu,IN,600086,,https://www.google.com/maps/search/?api=1&query=Anand%20Real%20Estate&query_place_id=ChIJh-7yCjpmUjoR7T485Gg--Xs,2026-07-09T14:53:05.007Z
CSK@HANU REDDY REALTY,Real estate agent,5.0,1.0,,,,"Bishop Wallers S Ave, CIT Colony, Mylapore, Chennai, Greater Chennai, Tamil Nadu 600004, India","Chennai, Greater Chennai",Tamil Nadu,IN,600004,"Monday: Open 24 hours, Tuesday: Open 24 hours, Wednesday: Open 24 hours, Thursday: Open 24 hours, Friday: Open 24 hours, Saturday: Open 24 hours, Sunday: Open 24 hours",https://www.google.com/maps/search/?api=1&query=CSK%40HANU%20REDDY%20REALTY&query_place_id=ChIJkVgdDXFnUjoRe0aQQZNY4vs,2026-07-09T14:53:06.306Z
Prabha real estate,Apartment complex,,,,,,"5/41, Manicka Vinayagar Koil St, Madhavaram, Ramana Nagar, Vyasarpadi, Chennai, Greater Chennai, Tamil Nadu 600039, India","Chennai, Greater Chennai",Tamil Nadu,IN,600039,,https://www.google.com/maps/search/?api=1&query=Prabha%20real%20estate&query_place_id=ChIJ783QUABlUjoRVQiCIyhK9_o,2026-07-09T14:53:07.927Z
Chennai Housing Property,Construction company,,,,,,"6-48, Neelam Garden, Siruvallur, Perambur, Chennai, Greater Chennai, Tamil Nadu 600011, India","Chennai, Greater Chennai",Tamil Nadu,IN,600011,"Monday: 9:30 AM to 6 PM, Tuesday: 9:30 AM to 6 PM, Wednesday: 9:30 AM to 6 PM, Thursday: 9:30 AM to 6 PM, Friday: 9:30 AM to 6 PM, Saturday: 9:30 AM to 6 PM, Sunday: 9:30 AM to 6 PM",https://www.google.com/maps/search/?api=1&query=Chennai%20Housing%20Property&query_place_id=ChIJb8Lz941lUjoRagajvOKlZLM,2026-07-09T14:53:07.754Z
Paalaar Urban Farms,Real estate developer,4.8,169.0,+91 89397 73300,hello@paalaarurbanfarms.com,https://paalaarurbanfarms.com/,"16 A, Poes Garden, Gopalapuram, Chennai, Greater Chennai, Tamil Nadu 600086, India","Chennai, Greater Chennai",Tamil Nadu,IN,600086,,https://www.google.com/maps/search/?api=1&query=Paalaar%20Urban%20Farms&query_place_id=ChIJGRYuozJnUjoR-yGVrCT7jdI,2026-07-09T14:53:00.365Z
Tamilnadu Plots,Construction company,4.9,22.0,+91 79041 30500,,,"Patel Rd, Perambur, Chennai, Greater Chennai, Tamil Nadu 600011, India","Chennai, Greater Chennai",Tamil Nadu,IN,600011,"Monday: 9:30 AM to 8 PM, Tuesday: 9:30 AM to 8 PM, Wednesday: 9:30 AM to 8 PM, Thursday: 9:30 AM to 8 PM, Friday: 9:30 AM to 8 PM, Saturday: 9:30 AM to 8 PM, Sunday: 9:30 AM to 8 PM",https://www.google.com/maps/search/?api=1&query=Tamilnadu%20Plots&query_place_id=ChIJ7xIqw51lUjoR2eJuahEbIFI,2026-07-09T14:53:09.791Z
SA Agencies,Real estate consultant,4.5,2.0,,,,"State bank Co, Madurai Samy Madam St, SBI Colony, Perambur, Chennai, Greater Chennai, Tamil Nadu 600011, India",,,,,,https://www.google.com/maps/search/?api=1&query=SA%20Agencies&query_place_id=ChIJczzfUkNlUjoRZYzub_GRYxI,2026-07-09T14:53:09.972Z
Thiruthanigai Real Estate,Real estate agency,3.3,3.0,+91 93801 02856,websupport@luxre.com,https://tiruthanighairealestates.com/,"65, Kumaraswamy Street, Vyasarpadi, 39, Kumaraswamy St, Sector 15, Perambur, Chennai, Tamil Nadu 600011, India","Chennai, Greater Chennai",Tamil Nadu,IN,600011,"Monday: 10 AM to 9 PM, Tuesday: 10 AM to 9 PM, Wednesday: 10 AM to 9 PM, Thursday: 10 AM to 9 PM, Friday: 10 AM to 9 PM, Saturday: 10 AM to 9 PM, Sunday: 10 AM to 9 PM",https://www.google.com/maps/search/?api=1&query=Thiruthanigai%20Real%20Estate&query_place_id=ChIJw_O9fb5lUjoRjQV7JjYZYF8,2026-07-09T14:52:51.004Z
LIMRA REALTORS,Construction company,4.9,8.0,+91 90250 35796,,,"18/2, Labbai St, Pudupet, Anna Salai, Egmore, Chennai, Greater Chennai, Tamil Nadu 600002, India","Chennai, Greater Chennai",Tamil Nadu,IN,600002,"Monday: 10 AM to 10 PM, Tuesday: Closed, Wednesday: 10 AM to 10 PM, Thursday: 10 AM to 10 PM, Friday: 10 AM to 10 PM, Saturday: 10 AM to 10 PM, Sunday: 10 AM to 10 PM",https://www.google.com/maps/search/?api=1&query=LIMRA%20REALTORS&query_place_id=ChIJB2ApJh9nUjoRlw6XtntlCws,2026-07-09T14:53:11.548Z
"G Square Housing - Head Office, Chennai",Land allotment,4.2,545.0,+91 89395 40008,,https://www.gsquarehousing.com/,"75, TTK Rd, CIT Colony, Alwarpet, Chennai, Greater Chennai, Tamil Nadu 600018, India","Chennai, Greater Chennai",Tamil Nadu,IN,600018,"Monday: 9 AM to 7 PM, Tuesday: 9 AM to 7 PM, Wednesday: 9 AM to 7 PM, Thursday: 9 AM to 7 PM, Friday: 9 AM to 7 PM, Saturday: 9 AM to 7 PM, Sunday: 9 AM to 7 PM",https://www.google.com/maps/search/?api=1&query=G%20Square%20Housing%20-%20Head%20Office%2C%20Chennai&query_place_id=ChIJMx4GUnpmUjoRzEVJtBvfeeI,2026-07-09T14:53:05.460Z
Vaclav Builders - Civil Contractor,Construction company,5.0,14.0,+91 98407 73922,,http://vaclavbuilders.com/,"Hyder Garden 3rd St, Shanthi Nagar, Wadia Nagar, Jamalia, Chennai, Greater Chennai, Tamil Nadu 600012, India","Chennai, Greater Chennai",Tamil Nadu,IN,600012,"Monday: Open 24 hours, Tuesday: Open 24 hours, Wednesday: Open 24 hours, Thursday: Open 24 hours, Friday: Open 24 hours, Saturday: Open 24 hours, Sunday: Open 24 hours",https://www.google.com/maps/search/?api=1&query=Vaclav%20Builders%20-%20Civil%20Contractor&query_place_id=ChIJbW1hr8BlUjoRwTnd7Axn_b4,2026-07-09T14:52:31.526Z
Arun & Harish,Real estate agency,3.0,2.0,+91 44 2535 3651,,,"42, 44, Sami Pillai St, Periyamedu, Choolai, Chennai, Greater Chennai, Tamil Nadu 600007, India","Chennai, Greater Chennai",Tamil Nadu,IN,600007,"Monday: 9 AM to 6 PM, Tuesday: 9 AM to 6 PM, Wednesday: 9 AM to 6 PM, Thursday: 9 AM to 6 PM, Friday: 9 AM to 6 PM, Saturday: 9 AM to 6 PM, Sunday: 9 AM to 5 PM",https://www.google.com/maps/search/?api=1&query=Arun%20%26%20Harish&query_place_id=ChIJVVVVhf1lUjoR9VCrbNpSdZI,2026-07-09T14:53:13.976Z
HUNTER PROPERTY AND CONSTRUCTION PVT LTD,Construction company,5.0,167.0,+91 75501 10784,,http://www.hunterproperty.in/,"12, Mohammadan Street, Sembiyan, Perambur, Chennai, Greater Chennai, Tamil Nadu 600011, India","Chennai, Greater Chennai",Tamil Nadu,IN,600011,"Monday: 9 AM to 9 PM, Tuesday: 9 AM to 9 PM, Wednesday: 9 AM to 9 PM, Thursday: 9 AM to 9 PM, Friday: 9 AM to 9 PM, Saturday: 9 AM to 9 PM, Sunday: 9 AM to 9 PM",https://www.google.com/maps/search/?api=1&query=HUNTER%20PROPERTY%20AND%20CONSTRUCTION%20PVT%20LTD&query_place_id=ChIJZWXTyiRlUjoRcltHPlnwCok,2026-07-09T14:53:11.049Z
CITY REALTORS,Corporate office,5.0,4.0,+91 99410 65550,,,"Office No 9, Ground Floor, 42, Red Cross Rd, Egmore, Chennai, Greater Chennai, Tamil Nadu 600008, India","Chennai, Greater Chennai",Tamil Nadu,IN,600008,"Monday: 8 AM to 10 PM, Tuesday: 8 AM to 10 PM, Wednesday: 8 AM to 10 PM, Thursday: 8 AM to 10 PM, Friday: 8 AM to 10 PM, Saturday: 8 AM to 10 PM, Sunday: 8 AM to 10 PM",https://www.google.com/maps/search/?api=1&query=CITY%20REALTORS&query_place_id=ChIJ3VoD0xNmUjoRLYO62AfR3hQ,2026-07-09T14:53:15.284Z
Hanu Reddy Realty India Pvt Ltd,Real estate agent,4.7,481.0,+91 98402 68962,"hrrchennai@hanureddyrealty.com, sureshreddy@hanureddyrealty.com, shivareddy@hanureddyrealty.com, nhs@hanureddyrealty.com, rgschennai@hanureddyrealty.com, westchennai@hanureddyrealty.com, wallacegarden@hanureddyrealty.com, adyar@hanureddyrealty.com, hrrbgl@hanureddyrealty.com, hrrhyd@hanureddyrealty.com, hrrpune@hanureddyrealty.com, hrrcbe@hanureddyrealty.com, hrrmysore@hanureddyrealty.com, hrrvizag@hanureddyrealty.com, gmt@hanureddyrealty.com, northchennai@hanureddyrealty.com, info@hanureddyrealty.com, hr@hanureddyrealty.com, nmk@hanureddyrealty.com, kmr@hanureddyrealty.com, sivakumar@hanureddyrealty.com, palani@hanureddyrealty.com, kumaran@hanureddyrealty.com, mukkunth@hanureddyrealty.com, shiva@hanureddyrealty.com, mirza@hanureddyrealty.com",https://hanureddyrealty.com/,"18, Bishop Wallers Ave E, CIT Colony, Mylapore, Chennai, Greater Chennai, Tamil Nadu 600004, India","Chennai, Greater Chennai",Tamil Nadu,IN,600004,"Monday: 9:30 AM to 6:30 PM, Tuesday: 9:30 AM to 6:30 PM, Wednesday: 9:30 AM to 6:30 PM, Thursday: 9:30 AM to 6:30 PM, Friday: 9:30 AM to 6:30 PM, Saturday: 9:30 AM to 6:30 PM, Sunday: Closed",https://www.google.com/maps/search/?api=1&query=Hanu%20Reddy%20Realty%20India%20Pvt%20Ltd&query_place_id=ChIJbWiUPM9nUjoRJbqNNUJJWKo,2026-07-09T14:53:06.494Z
Pincoded Real Estate Services,Real estate agency,4.8,5.0,+91 98849 97500,vikas@pincoded.com,http://www.pincoded.com/,"511, Shivalaya Building, 171, Ethiraj Salai, above Sangeetha hotel, Egmore, Chennai, Greater Chennai, Tamil Nadu 600008, India","Chennai, Greater Chennai",Tamil Nadu,IN,600008,"Monday: Open 24 hours, Tuesday: Open 24 hours, Wednesday: Open 24 hours, Thursday: Open 24 hours, Friday: Open 24 hours, Saturday: Open 24 hours, Sunday: Open 24 hours",https://www.google.com/maps/search/?api=1&query=Pincoded%20Real%20Estate%20Services&query_place_id=ChIJs8E2UI1nUjoRxk5wSwe27Bg,2026-07-09T14:53:13.716Z
Shree Realty,Real estate consultant,5.0,136.0,,,,"Office no. 4, Wellingdon Estate, 3rd floor, 53, Ethiraj Salai, Egmore, Chennai, Tamil Nadu 600008, India","Chennai, Greater Chennai",Tamil Nadu,IN,600008,"Monday: 9:30 AM to 6:30 PM, Tuesday: 9:30 AM to 6:30 PM, Wednesday: 9:30 AM to 6:30 PM, Thursday: 9:30 AM to 6:30 PM, Friday: 9:30 AM to 6:30 PM, Saturday: 9:30 AM to 6:30 PM, Sunday: Closed",https://www.google.com/maps/search/?api=1&query=Shree%20Realty&query_place_id=ChIJxcT54jpnUjoRtGW49le6T5A,2026-07-09T14:53:24.319Z
My Property Boutique Private Limited Real Estate,Real estate agency,4.8,118.0,+91 98846 40673,"nb@mypropertyboutique.com, info@mypropertyboutique.com",http://www.mypropertyboutique.com/,"S -38 phase, Spencer Plaza Mall, 2, 2nd St, Anna Salai, Royapettah, Chennai, Greater Chennai, Tamil Nadu 600002, India","Chennai, Greater Chennai",Tamil Nadu,IN,600002,"Monday: 10 AM to 6 PM, Tuesday: 10 AM to 6 PM, Wednesday: 10 AM to 6 PM, Thursday: 10 AM to 6 PM, Friday: 10 AM to 6 PM, Saturday: 10 AM to 6 PM, Sunday: Closed",https://www.google.com/maps/search/?api=1&query=My%20Property%20Boutique%20Private%20Limited%20Real%20Estate&query_place_id=ChIJjQhWYhZmUjoRO3EoyFi3miE,2026-07-09T14:53:18.961Z
SDC Real Estates,Real estate agency,,,,,,"33/1, Wallahjah Rd, Chepauk, Triplicane, Chennai, Greater Chennai, Tamil Nadu 600002, India","Chennai, Greater Chennai",Tamil Nadu,IN,600002,,https://www.google.com/maps/search/?api=1&query=SDC%20Real%20Estates&query_place_id=ChIJZ4hOfgBnUjoRTwfJrcHIFIU,2026-07-09T14:53:28.167Z
Association of Professional Property Consultants of Chennai,Corporate office,4.6,14.0,+91 99419 45554,,http://appcc.in/,"#721, Anna Salai, Mount Road, Triplicane, Chennai, Greater Chennai, Tamil Nadu 600002, India","Chennai, Greater Chennai",Tamil Nadu,IN,600002,"Monday: Open 24 hours, Tuesday: Open 24 hours, Wednesday: Open 24 hours, Thursday: Open 24 hours, Friday: Open 24 hours, Saturday: Open 24 hours, Sunday: Open 24 hours",https://www.google.com/maps/search/?api=1&query=Association%20of%20Professional%20Property%20Consultants%20of%20Chennai&query_place_id=ChIJe4tagRxmUjoR9QL7jwNWC0o,2026-07-09T14:53:18.815Z
Sri Saraswathi Real Estate,Real estate agency,5.0,1.0,,,,"24, Guruvappa St, Chintadripet, Chennai, Greater Chennai, Tamil Nadu 600002, India","Chennai, Greater Chennai",Tamil Nadu,IN,600002,,https://www.google.com/maps/search/?api=1&query=Sri%20Saraswathi%20Real%20Estate&query_place_id=ChIJUVXPjwRmUjoRPWjKNGalrvc,2026-07-09T14:53:31.890Z
RoofandFloor,Real estate agency,3.3,36.0,+91 44 4011 4426,info@roofandfloor.com,https://roofandfloor.thehindu.com/,"First Floor, No 859, 860, RoofandFloor-KSL Digital Ventures Ltd Kasturi Sons Building, Anna Salai, Chennai, Tamil Nadu 600002, India","Chennai, Greater Chennai",Tamil Nadu,IN,600002,"Monday: 9:30 AM to 6:30 PM, Tuesday: 9:30 AM to 6:30 PM, Wednesday: 9:30 AM to 6:30 PM, Thursday: 9:30 AM to 6:30 PM, Friday: 9:30 AM to 6:30 PM, Saturday: Closed, Sunday: Closed",https://www.google.com/maps/search/?api=1&query=RoofandFloor&query_place_id=ChIJLwTSMgNmUjoR5WSHDZPzObA,2026-07-09T14:53:22.949Z
Mehta Real Estate,Real estate consultant,4.2,24.0,,info@mehtarealestate.com,http://www.mehtarealestate.com/,"Office- C, 3rd Floor, TOWER-3, Shakti Towers, 766, Anna Salai, Chennai, Greater Chennai, Tamil Nadu 600002, India","Chennai, Greater Chennai",Tamil Nadu,IN,600002,"Monday: 10 AM to 6 PM, Tuesday: 10 AM to 6 PM, Wednesday: 10 AM to 6 PM, Thursday: 10 AM to 6 PM, Friday: 10 AM to 6 PM, Saturday: 10 AM to 6 PM, Sunday: Closed",https://www.google.com/maps/search/?api=1&query=Mehta%20Real%20Estate&query_place_id=ChIJPzkbSuFlUjoRp4fCIB9Z20k,2026-07-09T14:53:18.132Z
Home Konnect® - CRISIL Rated & RERA Registered Real Estate Consultants Award Winning Top Rated Real Estate Agency,Real estate agency,4.9,963.0,+91 99403 66555,,https://www.homekonnect.com/,"No. 5B, 5th Floor, Doshi Towers Old No. 156, New No. 205, Poonamallee High Rd, Kilpauk, Chennai, Tamil Nadu 600010, India","Chennai, Greater Chennai",Tamil Nadu,IN,600010,"Monday: 7 AM to 11 PM, Tuesday: 7 AM to 11 PM, Wednesday: 7 AM to 11 PM, Thursday: 7 AM to 11 PM, Friday: 7 AM to 11 PM, Saturday: 7 AM to 11 PM, Sunday: 7 AM to 11 PM",https://www.google.com/maps/search/?api=1&query=Home%20Konnect%C2%AE%20-%20CRISIL%20Rated%20%26%20RERA%20Registered%20Real%20Estate%20Consultants%20Award%20Winning%20Top%20Rated%20Real%20Estate%20Agency&query_place_id=ChIJF26sJ9VlUjoRl3j-A1fUgMc,2026-07-09T14:53:18.103Z
SAN Global,Real estate consultant,4.6,9.0,+91 95660 96640,admin@sanglobal.co.in,http://sanglobal.co.in/,"10, State Bank St, Anna Salai, Triplicane, Chennai, Greater Chennai, Tamil Nadu 600002, India","Chennai, Greater Chennai",Tamil Nadu,IN,600002,"Monday: 9:30 AM to 7:30 PM, Tuesday: 9:30 AM to 7:30 PM, Wednesday: 9:30 AM to 7:30 PM, Thursday: 9:30 AM to 7:30 PM, Friday: 9:30 AM to 7:30 PM, Saturday: 9:30 AM to 7:30 PM, Sunday: Closed",https://www.google.com/maps/search/?api=1&query=SAN%20Global&query_place_id=ChIJUYNS2xlmUjoRzybLRHYYjWo,2026-07-09T14:52:54.850Z
Thanigai Estates Meeting Hall,Real estate agency,4.9,13.0,,"info@thanigaiestates.com, Info@thanigaiestates.com",http://www.thanigaiestates.com/,"168, Patel Rd, Perambur, Chennai, Greater Chennai, Tamil Nadu 600011, India","Chennai, Greater Chennai",Tamil Nadu,IN,600011,,https://www.google.com/maps/search/?api=1&query=Thanigai%20Estates%20Meeting%20Hall&query_place_id=ChIJk5bLbQplUjoRQTmo6Gp2p88,2026-07-09T14:53:11.516Z
Connection Point,Real estate agency,4.9,343.0,+91 98840 41884,info@connectionpoint.in,https://www.connectionpoint.in/,"1st Floor, 42, Red Cross Rd, Egmore, Chennai, Greater Chennai, Tamil Nadu 600008, India","Chennai, Greater Chennai",Tamil Nadu,IN,600008,"Monday: 9 AM to 9 PM, Tuesday: 9 AM to 9 PM, Wednesday: 9 AM to 9 PM, Thursday: 9 AM to 9 PM, Friday: 9 AM to 9 PM, Saturday: 9 AM to 9 PM, Sunday: 10 AM to 7 PM",https://www.google.com/maps/search/?api=1&query=Connection%20Point&query_place_id=ChIJm7IkzRNmUjoR-gEbjLaMAkI,2026-07-09T14:53:19.341Z
Star Property Developers,Real estate agency,4.0,9.0,+91 44 2849 1750,"admin@starpropertydevelopers.com, spd.raju@gmail.com",https://www.starpropertydevelopers.com/,"F44, 1st Floor, 1st Phase, Spencer Plaza, 769, Anna Salai, Mount Road, Anna Salai, Chennai, Greater Chennai, Tamil Nadu 600002, India","Chennai, Greater Chennai",Tamil Nadu,IN,600002,,https://www.google.com/maps/search/?api=1&query=Star%20Property%20Developers&query_place_id=ChIJUfjHgxtmUjoR7ZGwRI-_HRc,2026-07-09T14:53:32.491Z
Brick Spot,Industrial real estate agency,,,,,https://gsriram.in/,"116, Periamet, Park Town, Chennai, Greater Chennai, Tamil Nadu 600003, India","Chennai, Greater Chennai",Tamil Nadu,IN,600003,,https://www.google.com/maps/search/?api=1&query=Brick%20Spot&query_place_id=ChIJFRItodJlUjoRI7LZO241E4w,2026-07-09T14:53:14.675Z
REAL ESTATE ENTREPRENEUR,Real estate consultant,,,+91 96000 81501,,https://www.royalpropertydevelopers.com/,"NEW 5, Big St, Chepauk, Triplicane, Chennai, Greater Chennai, Tamil Nadu 600005, India","Chennai, Greater Chennai",Tamil Nadu,IN,600005,"Monday: 9 AM to 8 PM, Tuesday: 9 AM to 8 PM, Wednesday: 9 AM to 8 PM, Thursday: 9 AM to 8 PM, Friday: 9 AM to 8 PM, Saturday: 9 AM to 8 PM, Sunday: 9 AM to 8 PM",https://www.google.com/maps/search/?api=1&query=REAL%20ESTATE%20ENTREPRENEUR&query_place_id=ChIJdTMYu8pnUjoRgz_sr7EYwzk,2026-07-09T14:53:14.219Z
Amara,Construction company,4.9,12.0,+91 94446 66677,life@amarahomes.in,http://www.amarahomes.in/,"Ground, 148, Dr Radha Krishnan Salai, Mylapore, Chennai, Greater Chennai, Tamil Nadu 600004, India","Chennai, Greater Chennai",Tamil Nadu,IN,600004,"Monday: 9 AM to 7 PM, Tuesday: 9 AM to 7 PM, Wednesday: 9 AM to 7 PM, Thursday: 9 AM to 7 PM, Friday: 9 AM to 7 PM, Saturday: 9 AM to 7 PM, Sunday: 9 AM to 7 PM",https://www.google.com/maps/search/?api=1&query=Amara&query_place_id=ChIJmeA_tj1nUjoRVQBEF6gFx6Y,2026-07-09T14:52:59.090Z
M R REALTY,Industrial real estate agency,5.0,24.0,+91 98404 72741,mr.realtyconsultant@gmail.com,https://mrrealtyservices.com/,"2nd Floor, Office no 6, 42, Red Cross Rd, Egmore, Chennai, Greater Chennai, Tamil Nadu 600008, India","Chennai, Greater Chennai",Tamil Nadu,IN,600008,"Monday: 9 AM to 6 PM, Tuesday: 9 AM to 6 PM, Wednesday: 9 AM to 6 PM, Thursday: 9 AM to 6 PM, Friday: 9 AM to 6 PM, Saturday: 9 AM to 6 PM, Sunday: 9 AM to 5 PM",https://www.google.com/maps/search/?api=1&query=M%20R%20REALTY&query_place_id=ChIJzUVvHXFnUjoRZFA35N0VO1I,2026-07-09T14:53:15.653Z
